source,batch,running,ctx_len,ctx_kv_derived,steps_s,gen_tok_s,measured_step_ms,prefill_frac,prefill_tokens_per_step,completions_per_step,intensity,achieved_tflops,achieved_gbs,flops_step,bytes_step,activations,attn_proj,kv_read,kv_write,linear_attn_proj,lm_head,recurrent_state,routed_experts,router,shared_expert
rf-dec,1,1,2205,8693,222,222,4.505,0.02231,0.02282,0.0001453,2.188,1.287,588.1,5.797e+09,2.65e+09,6.703e+05,1.887e+08,2.258e+07,1.047e+04,1.007e+09,5.086e+08,1.298e+08,6.69e+08,4.194e+07,8.179e+07
rf-dec,1,1,2205,9562,221.6,221.6,4.512,0.04371,0.04571,0.0002911,2.213,1.307,590.5,5.896e+09,2.664e+09,6.853e+05,1.887e+08,2.258e+07,1.071e+04,1.007e+09,5.086e+08,1.298e+08,6.837e+08,4.194e+07,8.179e+07
rf-dec,1,1,2205,7823,225.7,225.7,4.43,0.04431,0.04637,0.0002953,2.214,1.332,601.5,5.899e+09,2.665e+09,6.857e+05,1.887e+08,2.258e+07,1.071e+04,1.007e+09,5.086e+08,1.298e+08,6.841e+08,4.194e+07,8.179e+07
rf-dec,1,1,2205,7823,217,217,4.609,0.02355,0.02412,0.0001536,2.189,1.259,575.1,5.803e+09,2.651e+09,6.712e+05,1.887e+08,2.258e+07,1.049e+04,1.007e+09,5.086e+08,1.298e+08,6.698e+08,4.194e+07,8.179e+07
rf-dec,1,1,2205,8693,219.9,219.9,4.547,0.04272,0.04462,0.0002842,2.212,1.296,585.8,5.892e+09,2.664e+09,6.846e+05,1.887e+08,2.258e+07,1.07e+04,1.007e+09,5.086e+08,1.298e+08,6.83e+08,4.194e+07,8.179e+07
rf-dec,1.999,1.5,2205,8113,175.9,351.6,5.684,0.04142,0.08636,0.0003667,3.408,2.038,597.9,1.158e+10,3.399e+09,1.366e+06,1.887e+08,3.387e+07,2.135e+04,1.007e+09,5.086e+08,1.946e+08,1.341e+09,4.194e+07,8.179e+07
rf-dec,1.998,2,2205,7823,180,359.8,5.555,0.04052,0.08439,0.0005375,3.384,2.116,625.3,1.175e+10,3.473e+09,1.365e+06,1.887e+08,4.516e+07,2.133e+04,1.007e+09,5.086e+08,2.595e+08,1.34e+09,4.194e+07,8.179e+07
rf-dec,1.998,2,2205,7823,178.1,355.9,5.614,0.03855,0.08013,0.0005104,3.381,2.09,618.2,1.173e+10,3.471e+09,1.362e+06,1.887e+08,4.516e+07,2.128e+04,1.007e+09,5.086e+08,2.595e+08,1.337e+09,4.194e+07,8.179e+07
rf-dec,1.998,2,2205,7389,181.7,363,5.505,0.04145,0.08642,0.0005505,3.385,2.137,631.2,1.176e+10,3.475e+09,1.366e+06,1.887e+08,4.516e+07,2.135e+04,1.007e+09,5.086e+08,2.595e+08,1.341e+09,4.194e+07,8.179e+07
rf-dec,1.999,2,2205,7389,174.9,349.6,5.716,0.02907,0.05983,0.0003811,3.368,2.038,605,1.165e+10,3.458e+09,1.349e+06,1.887e+08,4.516e+07,2.108e+04,1.007e+09,5.086e+08,2.595e+08,1.325e+09,4.194e+07,8.179e+07
rf-dec,2.32,3,2205,7534,178.1,413.3,5.614,0.05954,0.1469,0.0005614,3.65,2.512,688.3,1.41e+10,3.864e+09,1.617e+06,1.887e+08,6.774e+07,2.526e+04,1.007e+09,5.086e+08,3.893e+08,1.578e+09,4.194e+07,8.179e+07
rf-dec,3.997,4,2205,7389,159.9,639.3,6.253,0.03171,0.1309,0.0008337,4.658,3.734,801.5,2.334e+10,5.012e+09,2.705e+06,1.887e+08,9.032e+07,4.227e+04,1.007e+09,5.086e+08,5.19e+08,2.572e+09,4.194e+07,8.179e+07
rf-dec,3.997,4,2205,7606,162.4,649,6.158,0.03755,0.1559,0.0009932,4.666,3.808,816.2,2.345e+10,5.026e+09,2.722e+06,1.887e+08,9.032e+07,4.252e+04,1.007e+09,5.086e+08,5.19e+08,2.586e+09,4.194e+07,8.179e+07
rf-dec,3.998,4,2205,8041,165.3,660.8,6.05,0.0307,0.1266,0.0008066,4.657,3.856,828.1,2.333e+10,5.01e+09,2.703e+06,1.887e+08,9.032e+07,4.223e+04,1.007e+09,5.086e+08,5.19e+08,2.57e+09,4.194e+07,8.179e+07
rf-dec,3.997,4,2205,8258,159.1,635.8,6.287,0.03187,0.1316,0.0008382,4.658,3.714,797.3,2.335e+10,5.012e+09,2.706e+06,1.887e+08,9.032e+07,4.228e+04,1.007e+09,5.086e+08,5.19e+08,2.572e+09,4.194e+07,8.179e+07
rf-dec,3.996,4,2205,7823,165.1,659.6,6.058,0.05262,0.2219,0.001414,4.686,3.917,835.9,2.373e+10,5.064e+09,2.764e+06,1.887e+08,9.032e+07,4.319e+04,1.007e+09,5.086e+08,5.19e+08,2.624e+09,4.194e+07,8.179e+07
rf-dec,4.646,6,2205,7244,156,724.8,6.41,0.05461,0.2684,0.0008547,4.875,4.388,900.1,2.813e+10,5.77e+09,3.221e+06,1.887e+08,1.355e+08,5.032e+04,1.007e+09,5.086e+08,7.786e+08,3.025e+09,4.194e+07,8.179e+07
rf-dec,7.993,8,2205,7171,138.1,1104,7.241,0.0354,0.2934,0.001869,5.93,6.466,1090,4.682e+10,7.896e+09,5.431e+06,1.887e+08,1.806e+08,8.486e+04,1.007e+09,5.086e+08,1.038e+09,4.844e+09,4.194e+07,8.179e+07
rf-dec,7.993,8,2205,7171,135.2,1081,7.397,0.03614,0.2997,0.001909,5.931,6.334,1068,4.685e+10,7.899e+09,5.435e+06,1.887e+08,1.806e+08,8.492e+04,1.007e+09,5.086e+08,1.038e+09,4.847e+09,4.194e+07,8.179e+07
rf-dec,7.993,8,2205,7171,136.1,1088,7.346,0.0359,0.2976,0.001896,5.931,6.376,1075,4.684e+10,7.898e+09,5.434e+06,1.887e+08,1.806e+08,8.49e+04,1.007e+09,5.086e+08,1.038e+09,4.846e+09,4.194e+07,8.179e+07
rf-dec,7.994,8,2205,7389,138.5,1107,7.219,0.03423,0.2833,0.001805,5.929,6.481,1093,4.678e+10,7.891e+09,5.424e+06,1.887e+08,1.806e+08,8.476e+04,1.007e+09,5.086e+08,1.038e+09,4.839e+09,4.194e+07,8.179e+07
rf-dec,7.993,7.5,2205,7534,135.9,1086,7.358,0.03596,0.2981,0.002136,5.966,6.341,1063,4.666e+10,7.821e+09,5.434e+06,1.887e+08,1.693e+08,8.49e+04,1.007e+09,5.086e+08,9.732e+08,4.846e+09,4.194e+07,8.179e+07
rf-dec,9.513,9.5,2205,7412,124.5,1185,8.029,0.04879,0.488,0.001813,6.273,7.014,1118,5.631e+10,8.977e+09,6.554e+06,1.887e+08,2.145e+08,1.024e+05,1.007e+09,5.086e+08,1.233e+09,5.696e+09,4.194e+07,8.179e+07
rf-dec,11.99,12,2205,7244,107.2,1285,9.33,0.04254,0.5327,0.003393,6.706,7.571,1129,7.063e+10,1.053e+10,8.207e+06,1.887e+08,2.71e+08,1.282e+05,1.007e+09,5.086e+08,1.557e+09,6.869e+09,4.194e+07,8.179e+07
rf-dec,11.99,12,2205,7461,104.3,1250,9.592,0.02757,0.34,0.002166,6.683,7.279,1089,6.982e+10,1.045e+10,8.083e+06,1.887e+08,2.71e+08,1.263e+05,1.007e+09,5.086e+08,1.557e+09,6.784e+09,4.194e+07,8.179e+07
rf-dec,11.99,12,2205,8186,110.7,1327,9.035,0.02238,0.2746,0.001749,6.674,7.696,1153,6.954e+10,1.042e+10,8.04e+06,1.887e+08,2.71e+08,1.256e+05,1.007e+09,5.086e+08,1.557e+09,6.755e+09,4.194e+07,8.179e+07
rf-dec,11.99,12,2205,8548,110.6,1326,9.044,0.04128,0.5163,0.003289,6.704,7.803,1164,7.056e+10,1.053e+10,8.196e+06,1.887e+08,2.71e+08,1.281e+05,1.007e+09,5.086e+08,1.557e+09,6.862e+09,4.194e+07,8.179e+07
rf-dec,11.99,12,2205,8548,109.1,1308,9.169,0.04441,0.5572,0.003549,6.709,7.715,1150,7.074e+10,1.054e+10,8.223e+06,1.887e+08,2.71e+08,1.285e+05,1.007e+09,5.086e+08,1.557e+09,6.879e+09,4.194e+07,8.179e+07
rf-dec,14.97,14,2205,8134,111.3,1666,8.988,0.04361,0.6828,0.003189,7.224,9.783,1354,8.793e+10,1.217e+10,1.026e+07,1.887e+08,3.161e+08,1.603e+05,1.007e+09,5.086e+08,1.817e+09,8.202e+09,4.194e+07,8.179e+07
rf-dec,15.99,16,2205,7660,108.9,1741,9.182,0.04189,0.6989,0.004452,7.304,10.25,1404,9.414e+10,1.289e+10,1.094e+07,1.887e+08,3.613e+08,1.709e+05,1.007e+09,5.086e+08,2.076e+09,8.611e+09,4.194e+07,8.179e+07
rf-dec,15.99,16,2205,7280,105.9,1694,9.44,0.04566,0.7649,0.004872,7.312,10,1368,9.442e+10,1.291e+10,1.098e+07,1.887e+08,3.613e+08,1.715e+05,1.007e+09,5.086e+08,2.076e+09,8.637e+09,4.194e+07,8.179e+07
rf-dec,15.99,16,2205,7552,108.1,1729,9.251,0.0201,0.328,0.002089,7.263,10,1377,9.256e+10,1.274e+10,1.07e+07,1.887e+08,3.613e+08,1.671e+05,1.007e+09,5.086e+08,2.076e+09,8.467e+09,4.194e+07,8.179e+07
rf-dec,15.99,16,2205,8312,106.6,1705,9.378,0.02714,0.4461,0.002842,7.277,9.925,1364,9.307e+10,1.279e+10,1.077e+07,1.887e+08,3.613e+08,1.683e+05,1.007e+09,5.086e+08,2.076e+09,8.514e+09,4.194e+07,8.179e+07
rf-dec,15.99,8,2205,8584,100.7,1610,9.93,0.04792,0.8046,0.005125,7.831,9.235,1179,9.17e+10,1.171e+10,1.1e+07,1.887e+08,1.806e+08,1.719e+05,1.007e+09,5.086e+08,1.038e+09,8.652e+09,4.194e+07,8.179e+07
rf-pre,1,0,2205,0,0.4516,0.4516,2214,0.9999,9649,1,1681,22.27,13.25,4.932e+13,2.934e+10,6.324e+09,1.887e+08,2.258e+07,9.882e+07,1.007e+09,5.086e+08,1.298e+08,2.094e+10,4.194e+07,8.179e+07
rf-pre,1,0,2205,0,0.4194,0.4194,2385,0.9999,9649,1,1681,20.68,12.3,4.932e+13,2.934e+10,6.324e+09,1.887e+08,2.258e+07,9.882e+07,1.007e+09,5.086e+08,1.298e+08,2.094e+10,4.194e+07,8.179e+07
rf-pre,1,0,2205,0,0.4194,0.4194,2385,0.9999,9649,1,1681,20.68,12.3,4.932e+13,2.934e+10,6.324e+09,1.887e+08,2.258e+07,9.882e+07,1.007e+09,5.086e+08,1.298e+08,2.094e+10,4.194e+07,8.179e+07
rf-pre,1,0.5,2205,6954,0.4516,0.4516,2214,0.9999,9649,1,1685,22.27,13.22,4.932e+13,2.926e+10,6.324e+09,1.887e+08,1.129e+07,9.882e+07,1.007e+09,5.086e+08,6.488e+07,2.094e+10,4.194e+07,8.179e+07
rf-pre,1,0.5,2205,6954,0.5484,0.5484,1824,0.9999,9649,1,1685,27.05,16.05,4.932e+13,2.926e+10,6.324e+09,1.887e+08,1.129e+07,9.882e+07,1.007e+09,5.086e+08,6.488e+07,2.094e+10,4.194e+07,8.179e+07
rf-pre,1,0.5,2205,6954,0.5161,0.5161,1938,0.9999,9649,1,1685,25.45,15.1,4.932e+13,2.926e+10,6.324e+09,1.887e+08,1.129e+07,9.882e+07,1.007e+09,5.086e+08,6.488e+07,2.094e+10,4.194e+07,8.179e+07
rf-pre,1,1,2205,1.043e+04,0.5,0.5,2000,0.9999,9649,1,1681,24.66,14.67,4.932e+13,2.934e+10,6.324e+09,1.887e+08,2.258e+07,9.882e+07,1.007e+09,5.086e+08,1.298e+08,2.094e+10,4.194e+07,8.179e+07
rf-pre,1,2,2205,8693,0.5806,0.5806,1722,0.9999,9649,1,1672,28.64,17.13,4.932e+13,2.949e+10,6.324e+09,1.887e+08,4.516e+07,9.882e+07,1.007e+09,5.086e+08,2.595e+08,2.094e+10,4.194e+07,8.179e+07
rf-pre,1,3,2205,6954,0.5806,0.5806,1722,0.9999,9649,1,1664,28.64,17.21,4.932e+13,2.965e+10,6.324e+09,1.887e+08,6.774e+07,9.882e+07,1.007e+09,5.086e+08,3.893e+08,2.094e+10,4.194e+07,8.179e+07
rf-pre,1,3,2205,6954,0.5806,0.5806,1722,0.9999,9649,1,1664,28.64,17.21,4.932e+13,2.965e+10,6.324e+09,1.887e+08,6.774e+07,9.882e+07,1.007e+09,5.086e+08,3.893e+08,2.094e+10,4.194e+07,8.179e+07
rf-pre,1,3,2205,6954,0.5806,0.5806,1722,0.9999,9649,1,1664,28.64,17.21,4.932e+13,2.965e+10,6.324e+09,1.887e+08,6.774e+07,9.882e+07,1.007e+09,5.086e+08,3.893e+08,2.094e+10,4.194e+07,8.179e+07
